{"cameraMode":{"drawMode":0,"name":"Shaded","section":"Shading Mode"},"sceneLighting":true,"audioPlay":false,"sceneViewState":{"showFog":true,"showMaterialUpdate":false,"showSkybox":true,"showFlares":true,"showImageEffects":true,"showParticleSystems":true,"showVisualEffectGraphs":true,"m_FxEnabled":true},"in2DMode":false,"pivot":{"x":-19.551605224609376,"y":-1.3572064638137818,"z":-1.717029094696045},"rotation":{"x":0.02177799679338932,"y":-0.7561175227165222,"z":0.025195784866809846,"w":0.6535843014717102},"size":16.615467071533204,"orthographic":false}