{"cameraMode":{"drawMode":0,"name":"Shaded","section":"Shading Mode"},"sceneLighting":true,"audioPlay":false,"sceneViewState":{"showFog":true,"showMaterialUpdate":false,"showSkybox":true,"showFlares":true,"showImageEffects":true,"showParticleSystems":true,"showVisualEffectGraphs":true,"m_FxEnabled":true},"in2DMode":false,"pivot":{"x":1.6977338790893555,"y":-1.1248493194580079,"z":1.5482215881347657},"rotation":{"x":0.12358889728784561,"y":0.8385072350502014,"z":-0.21320919692516328,"w":0.4860118329524994},"size":15.233827590942383,"orthographic":false}