{"cameraMode":{"drawMode":0,"name":"Shaded","section":"Shading Mode"},"sceneLighting":true,"audioPlay":false,"sceneViewState":{"showFog":true,"showMaterialUpdate":false,"showSkybox":true,"showFlares":true,"showImageEffects":true,"showParticleSystems":true,"showVisualEffectGraphs":true,"m_FxEnabled":true},"in2DMode":false,"pivot":{"x":-2.6825060844421388,"y":0.19942474365234376,"z":22.22740936279297},"rotation":{"x":0.1464288830757141,"y":-0.02373957261443138,"z":0.003515454474836588,"w":0.9889309406280518},"size":15.098933219909668,"orthographic":false}