{"cameraMode":{"drawMode":0,"name":"Shaded","section":"Shading Mode"},"sceneLighting":true,"audioPlay":false,"sceneViewState":{"showFog":true,"showMaterialUpdate":false,"showSkybox":true,"showFlares":true,"showImageEffects":true,"showParticleSystems":true,"showVisualEffectGraphs":true,"m_FxEnabled":true},"in2DMode":false,"pivot":{"x":5.287267684936523,"y":20.051753997802736,"z":-20.529300689697267},"rotation":{"x":0.19034872949123383,"y":-0.06914758682250977,"z":0.013441907241940499,"w":0.9791867136955261},"size":60.84822463989258,"orthographic":true}