{"cameraMode":{"drawMode":0,"name":"Shaded","section":"Shading Mode"},"sceneLighting":false,"audioPlay":false,"sceneViewState":{"showFog":true,"showMaterialUpdate":false,"showSkybox":false,"showFlares":true,"showImageEffects":true,"showParticleSystems":true,"showVisualEffectGraphs":true,"m_FxEnabled":true},"in2DMode":false,"pivot":{"x":0.6722618341445923,"y":0.43479347229003909,"z":0.15063011646270753},"rotation":{"x":0.007110461592674255,"y":0.9783030152320862,"z":-0.2042359709739685,"w":0.03405933827161789},"size":0.4955631494522095,"orthographic":false}