{"cameraMode":{"drawMode":0,"name":"Shaded","section":"Shading Mode"},"sceneLighting":false,"audioPlay":false,"sceneViewState":{"showFog":true,"showMaterialUpdate":false,"showSkybox":false,"showFlares":true,"showImageEffects":true,"showParticleSystems":true,"showVisualEffectGraphs":true,"m_FxEnabled":true},"in2DMode":false,"pivot":{"x":0.8278098702430725,"y":0.16331267356872559,"z":0.2385905683040619},"rotation":{"x":-0.016406092792749406,"y":0.9817617535591126,"z":-0.160763218998909,"w":-0.10019093751907349},"size":1.8073949813842774,"orthographic":false}