{"cameraMode":{"drawMode":0,"name":"Shaded","section":"Shading Mode"},"sceneLighting":false,"audioPlay":false,"sceneViewState":{"showFog":true,"showMaterialUpdate":false,"showSkybox":false,"showFlares":true,"showImageEffects":true,"showParticleSystems":true,"showVisualEffectGraphs":true,"m_FxEnabled":true},"in2DMode":false,"pivot":{"x":0.03583882749080658,"y":-0.014835329726338387,"z":-0.004858735017478466},"rotation":{"x":0.10251694172620774,"y":0.7194164991378784,"z":-0.10872916132211685,"w":0.6783134341239929},"size":0.036742329597473147,"orthographic":false}