{"cameraMode":{"drawMode":0,"name":"Shaded","section":"Shading Mode"},"sceneLighting":false,"audioPlay":false,"sceneViewState":{"showFog":true,"showMaterialUpdate":false,"showSkybox":false,"showFlares":true,"showImageEffects":true,"showParticleSystems":true,"showVisualEffectGraphs":true,"m_FxEnabled":true},"in2DMode":false,"pivot":{"x":0.0360216349363327,"y":-0.007693776860833168,"z":0.004907488822937012},"rotation":{"x":0.08676794916391373,"y":0.8050274848937988,"z":-0.1216680109500885,"w":0.5741084814071655},"size":0.036742329597473147,"orthographic":false}