{"cameraMode":{"drawMode":0,"name":"Shaded","section":"Shading Mode"},"sceneLighting":false,"audioPlay":false,"sceneViewState":{"showFog":true,"showMaterialUpdate":false,"showSkybox":false,"showFlares":true,"showImageEffects":true,"showParticleSystems":true,"showVisualEffectGraphs":true,"m_FxEnabled":true},"in2DMode":false,"pivot":{"x":-3.3359694480895998,"y":0.010000001639127732,"z":3.3299999237060549},"rotation":{"x":-0.0898745059967041,"y":-0.6951353549957275,"z":0.08827248215675354,"w":-0.7077550292015076},"size":0.061237335205078128,"orthographic":false}