{"cameraMode":{"drawMode":0,"name":"Shaded","section":"Shading Mode"},"sceneLighting":true,"audioPlay":false,"sceneViewState":{"showFog":true,"showMaterialUpdate":false,"showSkybox":true,"showFlares":true,"showImageEffects":true,"showParticleSystems":true,"showVisualEffectGraphs":true,"m_FxEnabled":true},"in2DMode":false,"pivot":{"x":-1.4587090015411378,"y":1.3154842853546143,"z":-2.6897850036621095},"rotation":{"x":-0.07517401874065399,"y":-0.041273534297943118,"z":0.0031144816894084217,"w":-0.9963117241859436},"size":6.580663681030273,"orthographic":false}