{"cameraMode":{"drawMode":0,"name":"Shaded","section":"Shading Mode"},"sceneLighting":true,"audioPlay":false,"sceneViewState":{"showFog":true,"showMaterialUpdate":false,"showSkybox":false,"showFlares":true,"showImageEffects":true,"showParticleSystems":true,"showVisualEffectGraphs":true,"m_FxEnabled":true},"in2DMode":false,"pivot":{"x":-0.45618969202041628,"y":-0.09856647998094559,"z":1.4843418598175049},"rotation":{"x":0.05435166507959366,"y":-0.9384225010871887,"z":0.17367428541183473,"w":0.2936805188655853},"size":0.6304253935813904,"orthographic":false}